<?xml version="1.0" encoding="UTF-8"?>
<project-private xmlns="http://www.netbeans.org/ns/project-private/1">
    <editor-bookmarks xmlns="http://www.netbeans.org/ns/editor-bookmarks/2" lastBookmarkId="0"/>
    <open-files xmlns="http://www.netbeans.org/ns/projectui-open-files/2">
        <group>
            <file>file:/C:/Users/DKO/Documents/Dijkstra/src/Controller/DijkstraController.java</file>
            <file>file:/C:/Users/DKO/Documents/Dijkstra/src/App/Main.java</file>
            <file>file:/C:/Users/DKO/Documents/Dijkstra/src/View/DadosPercursoPartial.java</file>
            <file>file:/C:/Users/DKO/Documents/Dijkstra/src/Service/Dijkstra.java</file>
            <file>file:/C:/Users/DKO/Documents/Dijkstra/src/Model/VeiculoModel.java</file>
            <file>file:/C:/Users/DKO/Documents/Dijkstra/src/Service/Viagem.java</file>
        </group>
    </open-files>
</project-private>
